epoch,time,train/box_loss,train/cls_loss,train/dfl_loss,metrics/precision(B),metrics/recall(B),metrics/mAP50(B),metrics/mAP50-95(B),val/box_loss,val/cls_loss,val/dfl_loss,lr/pg0,lr/pg1,lr/pg2,lr/pg3,lr/pg4,lr/pg5,lr/pg6,lr/pg7
1,421.778,1.62876,2.88358,0.01204,0.61174,0.57925,0.59755,0.31203,1.56383,1.43254,0.01586,0.00998701,0.003329,0.00998701,0.003329,0.00998701,0.003329,0.00998701,0.003329
2,776.026,1.52577,1.77617,0.01109,0.65562,0.61979,0.65085,0.34784,1.55955,1.30918,0.01623,0.0199211,0.00664035,0.0199211,0.00664035,0.0199211,0.00664035,0.0199211,0.00664035
3,1103.63,1.55798,1.75346,0.01145,0.63177,0.60808,0.63422,0.32152,1.63805,1.34505,0.0179,0.0297891,0.0099297,0.0297891,0.0099297,0.0297891,0.0099297,0.0297891,0.0099297
4,1426.81,1.57782,1.76893,0.01166,0.66241,0.64009,0.67922,0.36238,1.57219,1.2075,0.01651,0.029703,0.009901,0.029703,0.009901,0.029703,0.009901,0.029703,0.009901
5,1749.42,1.54462,1.66602,0.01134,0.66683,0.6418,0.67217,0.36272,1.59112,1.16737,0.01679,0.029604,0.009868,0.029604,0.009868,0.029604,0.009868,0.029604,0.009868
6,2073.44,1.52414,1.59556,0.01114,0.68421,0.64429,0.68521,0.37063,1.56737,1.18287,0.01751,0.029505,0.009835,0.029505,0.009835,0.029505,0.009835,0.029505,0.009835
7,2396.25,1.49511,1.52654,0.01087,0.71108,0.67982,0.72522,0.40572,1.49624,1.05794,0.01562,0.029406,0.009802,0.029406,0.009802,0.029406,0.009802,0.029406,0.009802
8,2719.24,1.47976,1.46577,0.01068,0.73307,0.69778,0.74861,0.42516,1.48119,0.99258,0.01504,0.029307,0.009769,0.029307,0.009769,0.029307,0.009769,0.029307,0.009769
9,3041.1,1.46052,1.4271,0.01045,0.7284,0.69127,0.75132,0.43234,1.43799,0.99062,0.01418,0.029208,0.009736,0.029208,0.009736,0.029208,0.009736,0.029208,0.009736
10,3361.86,1.45086,1.404,0.01035,0.74699,0.71582,0.77527,0.44438,1.4528,0.92176,0.01452,0.029109,0.009703,0.029109,0.009703,0.029109,0.009703,0.029109,0.009703
11,3684.39,1.43774,1.35768,0.01018,0.75381,0.72433,0.78134,0.45169,1.43191,0.90429,0.01373,0.02901,0.00967,0.02901,0.00967,0.02901,0.00967,0.02901,0.00967
12,4006.62,1.42135,1.32678,0.01012,0.78243,0.7409,0.80157,0.46956,1.412,0.84311,0.01373,0.028911,0.009637,0.028911,0.009637,0.028911,0.009637,0.028911,0.009637
13,4332.51,1.41849,1.30191,0.01003,0.78171,0.73501,0.80089,0.47286,1.38524,0.83876,0.01329,0.028812,0.009604,0.028812,0.009604,0.028812,0.009604,0.028812,0.009604
14,4657.82,1.40571,1.26915,0.00995,0.79765,0.75726,0.82255,0.48137,1.40791,0.80665,0.01419,0.028713,0.009571,0.028713,0.009571,0.028713,0.009571,0.028713,0.009571
15,4978.96,1.39093,1.24408,0.00976,0.78346,0.7558,0.81737,0.48615,1.36816,0.7815,0.01286,0.028614,0.009538,0.028614,0.009538,0.028614,0.009538,0.028614,0.009538
16,5300.39,1.38562,1.22618,0.00959,0.80038,0.76262,0.82259,0.49162,1.37139,0.77152,0.01313,0.028515,0.009505,0.028515,0.009505,0.028515,0.009505,0.028515,0.009505
17,5622.02,1.36861,1.20339,0.00953,0.79746,0.74653,0.81907,0.48536,1.38086,0.7893,0.01287,0.028416,0.009472,0.028416,0.009472,0.028416,0.009472,0.028416,0.009472
18,5944.74,1.36709,1.18406,0.00948,0.79982,0.7674,0.82852,0.49989,1.35246,0.75848,0.01247,0.028317,0.009439,0.028317,0.009439,0.028317,0.009439,0.028317,0.009439
19,6269.66,1.35137,1.16623,0.00936,0.80787,0.77348,0.83876,0.50539,1.32729,0.74022,0.01224,0.028218,0.009406,0.028218,0.009406,0.028218,0.009406,0.028218,0.009406
20,6592.91,1.34401,1.15052,0.00935,0.81748,0.78364,0.84491,0.51507,1.33445,0.71965,0.01235,0.028119,0.009373,0.028119,0.009373,0.028119,0.009373,0.028119,0.009373
21,6916.04,1.33938,1.13098,0.00926,0.82262,0.78254,0.85046,0.52031,1.32954,0.70421,0.01244,0.02802,0.00934,0.02802,0.00934,0.02802,0.00934,0.02802,0.00934
22,7241.74,1.32996,1.11622,0.0092,0.81182,0.7995,0.85368,0.52214,1.31561,0.69556,0.01194,0.027921,0.009307,0.027921,0.009307,0.027921,0.009307,0.027921,0.009307
23,7565.08,1.3224,1.09586,0.00904,0.82509,0.79765,0.85431,0.52772,1.30195,0.69147,0.01186,0.027822,0.009274,0.027822,0.009274,0.027822,0.009274,0.027822,0.009274
24,7888.05,1.31776,1.07781,0.00901,0.83747,0.78911,0.86142,0.53101,1.29919,0.67876,0.01208,0.027723,0.009241,0.027723,0.009241,0.027723,0.009241,0.027723,0.009241
25,8210.82,1.30658,1.07098,0.00899,0.82721,0.79323,0.86461,0.53749,1.28453,0.68136,0.01166,0.027624,0.009208,0.027624,0.009208,0.027624,0.009208,0.027624,0.009208
26,8531.69,1.31053,1.05667,0.00892,0.83181,0.81255,0.87104,0.5436,1.2836,0.66481,0.01164,0.027525,0.009175,0.027525,0.009175,0.027525,0.009175,0.027525,0.009175
27,8856.45,1.29834,1.05061,0.00887,0.84423,0.81615,0.87692,0.55165,1.2703,0.64855,0.01141,0.027426,0.009142,0.027426,0.009142,0.027426,0.009142,0.027426,0.009142
28,9179.72,1.28833,1.04375,0.0088,0.85449,0.80397,0.87717,0.55035,1.26754,0.64764,0.01128,0.027327,0.009109,0.027327,0.009109,0.027327,0.009109,0.027327,0.009109
29,9499.94,1.28327,1.03559,0.00877,0.85053,0.81566,0.88139,0.55505,1.25986,0.63816,0.01119,0.027228,0.009076,0.027228,0.009076,0.027228,0.009076,0.027228,0.009076
30,9821.83,1.27613,1.01258,0.00866,0.84993,0.80673,0.87719,0.55615,1.25151,0.64239,0.01137,0.027129,0.009043,0.027129,0.009043,0.027129,0.009043,0.027129,0.009043
31,10143.8,1.27178,1.00773,0.00866,0.84533,0.82319,0.8844,0.55835,1.25827,0.62961,0.01134,0.02703,0.00901,0.02703,0.00901,0.02703,0.00901,0.02703,0.00901
32,10466.7,1.26198,0.99529,0.00856,0.85444,0.81089,0.88066,0.56074,1.24422,0.63051,0.01096,0.026931,0.008977,0.026931,0.008977,0.026931,0.008977,0.026931,0.008977
33,10788.7,1.25624,0.98588,0.00854,0.85104,0.82247,0.88716,0.569,1.22683,0.60917,0.0108,0.026832,0.008944,0.026832,0.008944,0.026832,0.008944,0.026832,0.008944
34,11113.2,1.25454,0.98287,0.0085,0.84266,0.8325,0.88835,0.57027,1.23562,0.60061,0.01096,0.026733,0.008911,0.026733,0.008911,0.026733,0.008911,0.026733,0.008911
35,11437.2,1.25304,0.97716,0.00847,0.85468,0.83315,0.89033,0.57616,1.21839,0.604,0.01067,0.026634,0.008878,0.026634,0.008878,0.026634,0.008878,0.026634,0.008878
36,11762.8,1.24894,0.96378,0.00845,0.8624,0.83472,0.89834,0.58004,1.21086,0.5921,0.01069,0.026535,0.008845,0.026535,0.008845,0.026535,0.008845,0.026535,0.008845
37,12082.9,1.23786,0.9621,0.00839,0.86641,0.83272,0.89821,0.58414,1.20155,0.58919,0.0106,0.026436,0.008812,0.026436,0.008812,0.026436,0.008812,0.026436,0.008812
38,12409.8,1.23644,0.95233,0.00829,0.87564,0.83026,0.90188,0.58528,1.19995,0.57452,0.01056,0.026337,0.008779,0.026337,0.008779,0.026337,0.008779,0.026337,0.008779
39,12734.5,1.22911,0.93651,0.00822,0.86769,0.85027,0.90428,0.59136,1.19383,0.56455,0.01038,0.026238,0.008746,0.026238,0.008746,0.026238,0.008746,0.026238,0.008746
40,13054.9,1.223,0.93457,0.00827,0.87692,0.83887,0.90302,0.58939,1.18845,0.56276,0.0102,0.026139,0.008713,0.026139,0.008713,0.026139,0.008713,0.026139,0.008713
41,13376.4,1.22436,0.93271,0.00821,0.88903,0.84109,0.90685,0.59236,1.18596,0.55659,0.01027,0.02604,0.00868,0.02604,0.00868,0.02604,0.00868,0.02604,0.00868
42,13698.3,1.22364,0.9207,0.00818,0.88865,0.83567,0.90822,0.59902,1.17294,0.56036,0.01,0.025941,0.008647,0.025941,0.008647,0.025941,0.008647,0.025941,0.008647
43,14019.7,1.21234,0.90945,0.00803,0.86961,0.84359,0.90517,0.59793,1.17564,0.5585,0.01008,0.025842,0.008614,0.025842,0.008614,0.025842,0.008614,0.025842,0.008614
44,14344.2,1.20747,0.90761,0.00806,0.86547,0.85708,0.91223,0.60542,1.16348,0.54648,0.00994,0.025743,0.008581,0.025743,0.008581,0.025743,0.008581,0.025743,0.008581
45,14667.9,1.20549,0.89945,0.00807,0.87683,0.85995,0.91247,0.60471,1.16448,0.53566,0.01002,0.025644,0.008548,0.025644,0.008548,0.025644,0.008548,0.025644,0.008548
46,14988,1.19735,0.8867,0.00797,0.88406,0.85618,0.91613,0.60882,1.15312,0.53987,0.00978,0.025545,0.008515,0.025545,0.008515,0.025545,0.008515,0.025545,0.008515
47,15312.1,1.19498,0.88621,0.00798,0.88955,0.85286,0.91552,0.60766,1.15506,0.54024,0.00974,0.025446,0.008482,0.025446,0.008482,0.025446,0.008482,0.025446,0.008482
48,15637,1.19403,0.88269,0.00794,0.88374,0.86625,0.91806,0.61296,1.14911,0.53038,0.00971,0.025347,0.008449,0.025347,0.008449,0.025347,0.008449,0.025347,0.008449
49,15958.4,1.18773,0.87484,0.00792,0.89492,0.85309,0.91833,0.61418,1.14315,0.52416,0.00963,0.025248,0.008416,0.025248,0.008416,0.025248,0.008416,0.025248,0.008416
50,16282.5,1.18495,0.87618,0.00783,0.8833,0.85899,0.91818,0.61401,1.14165,0.53102,0.00965,0.025149,0.008383,0.025149,0.008383,0.025149,0.008383,0.025149,0.008383
51,16603.8,1.18135,0.87291,0.00793,0.89002,0.86242,0.91981,0.61784,1.13641,0.52924,0.00962,0.02505,0.00835,0.02505,0.00835,0.02505,0.00835,0.02505,0.00835
52,16927.8,1.17953,0.86169,0.0078,0.89102,0.86583,0.92132,0.6207,1.12823,0.5207,0.00949,0.024951,0.008317,0.024951,0.008317,0.024951,0.008317,0.024951,0.008317
53,17250.6,1.17194,0.85736,0.0077,0.89857,0.85437,0.92092,0.61931,1.13124,0.5208,0.00949,0.024852,0.008284,0.024852,0.008284,0.024852,0.008284,0.024852,0.008284
54,17574.7,1.16768,0.85709,0.00767,0.88786,0.86922,0.92321,0.62174,1.12504,0.51943,0.00933,0.024753,0.008251,0.024753,0.008251,0.024753,0.008251,0.024753,0.008251
55,17898.9,1.17059,0.85791,0.00771,0.88889,0.86333,0.92338,0.62358,1.11887,0.52028,0.0093,0.024654,0.008218,0.024654,0.008218,0.024654,0.008218,0.024654,0.008218
56,18220.8,1.16567,0.84915,0.00773,0.8845,0.87192,0.92526,0.62795,1.11291,0.513,0.00922,0.024555,0.008185,0.024555,0.008185,0.024555,0.008185,0.024555,0.008185
57,18544.4,1.16263,0.84381,0.00766,0.89991,0.86199,0.9251,0.62884,1.1106,0.51201,0.00916,0.024456,0.008152,0.024456,0.008152,0.024456,0.008152,0.024456,0.008152
58,18863.9,1.15722,0.83761,0.00762,0.90309,0.86042,0.92672,0.6303,1.10836,0.50571,0.00913,0.024357,0.008119,0.024357,0.008119,0.024357,0.008119,0.024357,0.008119
59,19187.1,1.16194,0.83658,0.00765,0.90187,0.86137,0.92724,0.63135,1.10713,0.50362,0.00917,0.024258,0.008086,0.024258,0.008086,0.024258,0.008086,0.024258,0.008086
60,19509,1.15349,0.83244,0.00757,0.8992,0.869,0.92872,0.63227,1.10362,0.50359,0.00917,0.024159,0.008053,0.024159,0.008053,0.024159,0.008053,0.024159,0.008053
61,19831.2,1.14865,0.826,0.00756,0.90458,0.86578,0.92915,0.63368,1.10041,0.49662,0.00916,0.02406,0.00802,0.02406,0.00802,0.02406,0.00802,0.02406,0.00802
62,20152.6,1.14365,0.82127,0.00754,0.90161,0.8717,0.92959,0.63436,1.09726,0.49685,0.00913,0.023961,0.007987,0.023961,0.007987,0.023961,0.007987,0.023961,0.007987
63,20472.6,1.13968,0.81254,0.00746,0.90441,0.8702,0.93036,0.63632,1.09197,0.49541,0.00903,0.023862,0.007954,0.023862,0.007954,0.023862,0.007954,0.023862,0.007954
64,20795.3,1.13836,0.81865,0.00744,0.91004,0.8691,0.93185,0.6385,1.0885,0.49024,0.00894,0.023763,0.007921,0.023763,0.007921,0.023763,0.007921,0.023763,0.007921
65,21118.6,1.13559,0.80904,0.00745,0.89689,0.87773,0.93201,0.6399,1.08514,0.48788,0.00888,0.023664,0.007888,0.023664,0.007888,0.023664,0.007888,0.023664,0.007888
66,21440.4,1.13546,0.79952,0.0074,0.90358,0.87159,0.93197,0.63983,1.08498,0.48858,0.00886,0.023565,0.007855,0.023565,0.007855,0.023565,0.007855,0.023565,0.007855
67,21763.9,1.13254,0.80549,0.00739,0.90792,0.8677,0.93235,0.64091,1.08462,0.48636,0.00884,0.023466,0.007822,0.023466,0.007822,0.023466,0.007822,0.023466,0.007822
68,22086.9,1.12729,0.79935,0.00735,0.91361,0.86257,0.93225,0.64258,1.08255,0.4873,0.00882,0.023367,0.007789,0.023367,0.007789,0.023367,0.007789,0.023367,0.007789
69,22408.4,1.12656,0.78859,0.00731,0.91709,0.86065,0.93228,0.64334,1.07751,0.48593,0.00874,0.023268,0.007756,0.023268,0.007756,0.023268,0.007756,0.023268,0.007756
70,22730.6,1.12086,0.786,0.00728,0.89959,0.87668,0.9324,0.6451,1.07241,0.48553,0.00867,0.023169,0.007723,0.023169,0.007723,0.023169,0.007723,0.023169,0.007723
71,23053.1,1.12137,0.79419,0.0073,0.89851,0.8763,0.93265,0.64573,1.06998,0.48319,0.00865,0.02307,0.00769,0.02307,0.00769,0.02307,0.00769,0.02307,0.00769
72,23372.5,1.12142,0.7963,0.00729,0.9076,0.8699,0.93339,0.64727,1.06653,0.4832,0.00863,0.022971,0.007657,0.022971,0.007657,0.022971,0.007657,0.022971,0.007657
73,23693.6,1.11291,0.78428,0.00719,0.90803,0.87296,0.93399,0.64893,1.06411,0.47974,0.0086,0.022872,0.007624,0.022872,0.007624,0.022872,0.007624,0.022872,0.007624
74,24016.8,1.11182,0.78567,0.00722,0.90348,0.8795,0.93498,0.64962,1.06295,0.47552,0.00859,0.022773,0.007591,0.022773,0.007591,0.022773,0.007591,0.022773,0.007591
75,24337.3,1.10947,0.776,0.00717,0.90884,0.8751,0.9349,0.64985,1.05962,0.47583,0.00855,0.022674,0.007558,0.022674,0.007558,0.022674,0.007558,0.022674,0.007558
76,24657.9,1.11111,0.77801,0.00715,0.90599,0.87784,0.9343,0.65058,1.05927,0.47434,0.00854,0.022575,0.007525,0.022575,0.007525,0.022575,0.007525,0.022575,0.007525
77,24982.5,1.10442,0.77231,0.00719,0.91496,0.87157,0.93506,0.65169,1.05921,0.4702,0.00856,0.022476,0.007492,0.022476,0.007492,0.022476,0.007492,0.022476,0.007492
78,25301.7,1.10396,0.76893,0.00719,0.91543,0.86972,0.93512,0.65226,1.05779,0.47131,0.00853,0.022377,0.007459,0.022377,0.007459,0.022377,0.007459,0.022377,0.007459
79,25624.4,1.10292,0.77293,0.0071,0.90508,0.87969,0.93512,0.65339,1.05512,0.47114,0.0085,0.022278,0.007426,0.022278,0.007426,0.022278,0.007426,0.022278,0.007426
80,25946.6,1.10311,0.7631,0.00708,0.9133,0.87151,0.9346,0.65311,1.05371,0.47237,0.00846,0.022179,0.007393,0.022179,0.007393,0.022179,0.007393,0.022179,0.007393
81,26268.7,1.09271,0.76536,0.00707,0.91664,0.87321,0.93515,0.65403,1.05115,0.4694,0.00843,0.02208,0.00736,0.02208,0.00736,0.02208,0.00736,0.02208,0.00736
82,26592.1,1.09459,0.76371,0.00702,0.91153,0.87574,0.93583,0.65422,1.04929,0.46956,0.0084,0.021981,0.007327,0.021981,0.007327,0.021981,0.007327,0.021981,0.007327
83,26915.6,1.09045,0.75629,0.007,0.91434,0.87635,0.9359,0.65459,1.04759,0.46745,0.00838,0.021882,0.007294,0.021882,0.007294,0.021882,0.007294,0.021882,0.007294
84,325.327,1.03916,0.6999,0.0066,0.91474,0.87483,0.93673,0.65539,1.04689,0.46778,0.00837,0.021783,0.007261,0.021783,0.007261,0.021783,0.007261,0.021783,0.007261
85,646.908,1.06803,0.72946,0.00685,0.91683,0.87496,0.9365,0.65582,1.04567,0.46662,0.00836,0.021684,0.007228,0.021684,0.007228,0.021684,0.007228,0.021684,0.007228
86,965.678,1.07678,0.74099,0.00692,0.91763,0.87553,0.93616,0.65592,1.0447,0.46711,0.00835,0.021585,0.007195,0.021585,0.007195,0.021585,0.007195,0.021585,0.007195
87,1281.68,1.07477,0.74021,0.00691,0.91151,0.87738,0.93638,0.65685,1.04427,0.46467,0.00834,0.021486,0.007162,0.021486,0.007162,0.021486,0.007162,0.021486,0.007162
88,1595.46,1.07158,0.74471,0.0069,0.91331,0.87795,0.93656,0.65746,1.04324,0.46281,0.00833,0.021387,0.007129,0.021387,0.007129,0.021387,0.007129,0.021387,0.007129
89,1909.95,1.07704,0.73964,0.00693,0.90918,0.88481,0.93704,0.65819,1.04379,0.46168,0.00834,0.021288,0.007096,0.021288,0.007096,0.021288,0.007096,0.021288,0.007096
90,2224.54,1.06814,0.74048,0.00691,0.90905,0.88535,0.93669,0.65821,1.04347,0.45949,0.00834,0.021189,0.007063,0.021189,0.007063,0.021189,0.007063,0.021189,0.007063
91,2538.39,1.06862,0.73266,0.00689,0.90622,0.88752,0.93745,0.65874,1.04221,0.46006,0.00832,0.02109,0.00703,0.02109,0.00703,0.02109,0.00703,0.02109,0.00703
92,2852.78,1.07031,0.73564,0.00686,0.90716,0.88773,0.93752,0.65924,1.04089,0.46043,0.00831,0.020991,0.006997,0.020991,0.006997,0.020991,0.006997,0.020991,0.006997
93,3166.11,1.07005,0.73896,0.00685,0.90929,0.88634,0.9379,0.65975,1.04004,0.45963,0.00829,0.020892,0.006964,0.020892,0.006964,0.020892,0.006964,0.020892,0.006964
94,3479.76,1.07147,0.73137,0.00683,0.91395,0.88306,0.93814,0.66024,1.0393,0.45797,0.00829,0.020793,0.006931,0.020793,0.006931,0.020793,0.006931,0.020793,0.006931
95,3793.02,1.0622,0.72887,0.00687,0.91554,0.88097,0.9382,0.66115,1.03808,0.45889,0.00828,0.020694,0.006898,0.020694,0.006898,0.020694,0.006898,0.020694,0.006898
96,4107.2,1.06665,0.7284,0.00686,0.9166,0.87989,0.93802,0.66139,1.03817,0.4558,0.00828,0.020595,0.006865,0.020595,0.006865,0.020595,0.006865,0.020595,0.006865
97,4420.01,1.06129,0.73276,0.00685,0.92136,0.87663,0.93843,0.66153,1.0374,0.45619,0.00827,0.020496,0.006832,0.020496,0.006832,0.020496,0.006832,0.020496,0.006832
98,4734.15,1.05858,0.72454,0.00677,0.9201,0.87927,0.9387,0.66199,1.03629,0.4549,0.00826,0.020397,0.006799,0.020397,0.006799,0.020397,0.006799,0.020397,0.006799
99,5049.42,1.06183,0.72741,0.00673,0.91126,0.88293,0.9389,0.66245,1.03557,0.45533,0.00825,0.020298,0.006766,0.020298,0.006766,0.020298,0.006766,0.020298,0.006766
100,5363.27,1.05283,0.72145,0.00672,0.91111,0.88269,0.93886,0.66316,1.03409,0.45503,0.00824,0.020199,0.006733,0.020199,0.006733,0.020199,0.006733,0.020199,0.006733
101,5677.88,1.05907,0.72595,0.00674,0.90942,0.88401,0.93863,0.66306,1.0339,0.45441,0.00824,0.0201,0.0067,0.0201,0.0067,0.0201,0.0067,0.0201,0.0067
102,5992.5,1.0504,0.72639,0.00671,0.91369,0.882,0.93855,0.66363,1.03297,0.45497,0.00822,0.020001,0.006667,0.020001,0.006667,0.020001,0.006667,0.020001,0.006667
103,6305.86,1.04685,0.72009,0.00672,0.92241,0.87133,0.93802,0.66415,1.03207,0.45473,0.00821,0.019902,0.006634,0.019902,0.006634,0.019902,0.006634,0.019902,0.006634
104,6620.23,1.04766,0.71397,0.0067,0.91951,0.87597,0.9379,0.66418,1.03138,0.45348,0.00821,0.019803,0.006601,0.019803,0.006601,0.019803,0.006601,0.019803,0.006601
105,6934.43,1.04799,0.7172,0.0067,0.92233,0.87488,0.93823,0.66476,1.03098,0.45135,0.00822,0.019704,0.006568,0.019704,0.006568,0.019704,0.006568,0.019704,0.006568
106,7248.95,1.0431,0.71004,0.0066,0.92219,0.87598,0.93847,0.66573,1.03045,0.45178,0.00821,0.019605,0.006535,0.019605,0.006535,0.019605,0.006535,0.019605,0.006535
107,7562.69,1.03991,0.70293,0.00659,0.92141,0.87717,0.93857,0.66574,1.03007,0.45277,0.0082,0.019506,0.006502,0.019506,0.006502,0.019506,0.006502,0.019506,0.006502
108,7878.33,1.03956,0.70005,0.00665,0.92023,0.87904,0.93858,0.66604,1.02913,0.45294,0.00819,0.019407,0.006469,0.019407,0.006469,0.019407,0.006469,0.019407,0.006469
109,8191.85,1.04539,0.7058,0.00661,0.92282,0.87817,0.93866,0.6666,1.0288,0.451,0.00819,0.019308,0.006436,0.019308,0.006436,0.019308,0.006436,0.019308,0.006436
110,8505.99,1.03798,0.70372,0.00661,0.92175,0.87919,0.93888,0.66667,1.02831,0.45194,0.00818,0.019209,0.006403,0.019209,0.006403,0.019209,0.006403,0.019209,0.006403
111,8820.88,1.03457,0.70478,0.00659,0.92315,0.87702,0.93928,0.66718,1.02784,0.45227,0.00818,0.01911,0.00637,0.01911,0.00637,0.01911,0.00637,0.01911,0.00637
112,9135.85,1.03529,0.70891,0.00661,0.92326,0.87894,0.93941,0.66714,1.02696,0.45183,0.00817,0.019011,0.006337,0.019011,0.006337,0.019011,0.006337,0.019011,0.006337
113,9449.83,1.03079,0.69458,0.00655,0.92129,0.87991,0.9394,0.66723,1.02626,0.4512,0.00817,0.018912,0.006304,0.018912,0.006304,0.018912,0.006304,0.018912,0.006304
114,9764.99,1.02786,0.69292,0.00653,0.91863,0.87984,0.93936,0.66747,1.02615,0.45116,0.00817,0.018813,0.006271,0.018813,0.006271,0.018813,0.006271,0.018813,0.006271
115,10079,1.02356,0.69015,0.0065,0.9203,0.87928,0.93957,0.66791,1.02551,0.45059,0.00817,0.018714,0.006238,0.018714,0.006238,0.018714,0.006238,0.018714,0.006238
116,10392.6,1.02576,0.68651,0.00655,0.9197,0.87913,0.93976,0.66824,1.02548,0.45045,0.00817,0.018615,0.006205,0.018615,0.006205,0.018615,0.006205,0.018615,0.006205
117,10707.2,1.02354,0.69008,0.00648,0.92093,0.87884,0.93982,0.66858,1.02437,0.4503,0.00817,0.018516,0.006172,0.018516,0.006172,0.018516,0.006172,0.018516,0.006172
118,11022.1,1.02445,0.69199,0.0065,0.92346,0.8807,0.94064,0.66903,1.02375,0.44874,0.00816,0.018417,0.006139,0.018417,0.006139,0.018417,0.006139,0.018417,0.006139
119,11336.2,1.01924,0.68373,0.00648,0.92321,0.87936,0.94071,0.66891,1.02342,0.44783,0.00816,0.018318,0.006106,0.018318,0.006106,0.018318,0.006106,0.018318,0.006106
120,11650.5,1.01419,0.68221,0.00647,0.92243,0.87941,0.94052,0.66916,1.02282,0.44696,0.00815,0.018219,0.006073,0.018219,0.006073,0.018219,0.006073,0.018219,0.006073
121,11965.2,1.01863,0.68167,0.00641,0.92083,0.87904,0.94013,0.66972,1.022,0.44748,0.00814,0.01812,0.00604,0.01812,0.00604,0.01812,0.00604,0.01812,0.00604
122,12280.6,1.01285,0.68052,0.0064,0.91875,0.88041,0.94007,0.67009,1.02084,0.44719,0.00812,0.018021,0.006007,0.018021,0.006007,0.018021,0.006007,0.018021,0.006007
123,12595.6,1.01011,0.67619,0.00644,0.91769,0.88049,0.9405,0.67083,1.02019,0.44708,0.00812,0.017922,0.005974,0.017922,0.005974,0.017922,0.005974,0.017922,0.005974
124,12910.5,1.01208,0.67012,0.00641,0.91669,0.87976,0.94038,0.67121,1.01927,0.44736,0.0081,0.017823,0.005941,0.017823,0.005941,0.017823,0.005941,0.017823,0.005941
125,13225.6,1.01141,0.67002,0.00638,0.91731,0.88066,0.94102,0.67169,1.01881,0.44638,0.00811,0.017724,0.005908,0.017724,0.005908,0.017724,0.005908,0.017724,0.005908
126,13540.8,1.00799,0.66602,0.00631,0.91754,0.88106,0.94085,0.67189,1.01813,0.44571,0.0081,0.017625,0.005875,0.017625,0.005875,0.017625,0.005875,0.017625,0.005875
127,13855.5,1.0043,0.66259,0.00633,0.92041,0.87993,0.94091,0.67221,1.01711,0.44443,0.00809,0.017526,0.005842,0.017526,0.005842,0.017526,0.005842,0.017526,0.005842
128,14170.5,1.00647,0.66815,0.00638,0.92159,0.88078,0.94065,0.67252,1.01664,0.44413,0.0081,0.017427,0.005809,0.017427,0.005809,0.017427,0.005809,0.017427,0.005809
129,14484.6,1.00022,0.66149,0.0063,0.92213,0.88188,0.94088,0.67278,1.01618,0.44304,0.00811,0.017328,0.005776,0.017328,0.005776,0.017328,0.005776,0.017328,0.005776
130,14799.3,1.00127,0.66216,0.00634,0.92389,0.88106,0.94108,0.67364,1.01517,0.44159,0.0081,0.017229,0.005743,0.017229,0.005743,0.017229,0.005743,0.017229,0.005743
131,15114,1.00105,0.65791,0.00631,0.92082,0.88391,0.94126,0.67388,1.01436,0.44116,0.00809,0.01713,0.00571,0.01713,0.00571,0.01713,0.00571,0.01713,0.00571
132,15428.2,0.99578,0.65844,0.00629,0.92123,0.88499,0.94147,0.67456,1.0134,0.44092,0.00808,0.017031,0.005677,0.017031,0.005677,0.017031,0.005677,0.017031,0.005677
133,15743.6,0.99596,0.66132,0.00624,0.91891,0.88639,0.94136,0.67464,1.01289,0.44044,0.00808,0.016932,0.005644,0.016932,0.005644,0.016932,0.005644,0.016932,0.005644
134,16057.3,0.99161,0.65629,0.00632,0.92103,0.88389,0.94179,0.6755,1.01265,0.43936,0.00808,0.016833,0.005611,0.016833,0.005611,0.016833,0.005611,0.016833,0.005611
135,16372.2,0.99017,0.65287,0.00623,0.91713,0.88629,0.94187,0.67597,1.01153,0.43881,0.00807,0.016734,0.005578,0.016734,0.005578,0.016734,0.005578,0.016734,0.005578
136,16686,0.98983,0.6518,0.00618,0.92131,0.8858,0.94195,0.6762,1.01082,0.43888,0.00806,0.016635,0.005545,0.016635,0.005545,0.016635,0.005545,0.016635,0.005545
137,17000.2,0.9877,0.64913,0.00617,0.92025,0.88819,0.94248,0.67634,1.01013,0.43852,0.00805,0.016536,0.005512,0.016536,0.005512,0.016536,0.005512,0.016536,0.005512
138,17315.5,0.98631,0.65055,0.00619,0.92011,0.88736,0.94198,0.67643,1.00944,0.43953,0.00805,0.016437,0.005479,0.016437,0.005479,0.016437,0.005479,0.016437,0.005479
139,17629.3,0.98584,0.64842,0.00623,0.92132,0.88668,0.94217,0.67665,1.00835,0.43904,0.00804,0.016338,0.005446,0.016338,0.005446,0.016338,0.005446,0.016338,0.005446
140,17943.9,0.9859,0.64503,0.00617,0.92305,0.88557,0.94252,0.67731,1.00758,0.43853,0.00803,0.016239,0.005413,0.016239,0.005413,0.016239,0.005413,0.016239,0.005413
141,18259.2,0.97832,0.64164,0.00614,0.92161,0.88656,0.9427,0.67723,1.00778,0.438,0.00804,0.01614,0.00538,0.01614,0.00538,0.01614,0.00538,0.01614,0.00538
142,18573.2,0.98366,0.64831,0.00618,0.92236,0.88638,0.94319,0.67768,1.00679,0.43606,0.00803,0.016041,0.005347,0.016041,0.005347,0.016041,0.005347,0.016041,0.005347
143,18888.2,0.97923,0.63952,0.00612,0.92389,0.88603,0.94331,0.6781,1.00606,0.43519,0.00801,0.015942,0.005314,0.015942,0.005314,0.015942,0.005314,0.015942,0.005314
144,19202.6,0.97343,0.63667,0.00612,0.92396,0.88678,0.94316,0.67868,1.00475,0.43496,0.00801,0.015843,0.005281,0.015843,0.005281,0.015843,0.005281,0.015843,0.005281
145,19515.8,0.97205,0.63351,0.00608,0.92303,0.8868,0.94302,0.67848,1.00408,0.43483,0.00801,0.015744,0.005248,0.015744,0.005248,0.015744,0.005248,0.015744,0.005248
146,19831.3,0.96951,0.63043,0.00607,0.92275,0.88689,0.94267,0.67914,1.00338,0.4353,0.008,0.015645,0.005215,0.015645,0.005215,0.015645,0.005215,0.015645,0.005215
147,20146.3,0.97131,0.63228,0.00606,0.92232,0.88756,0.94285,0.67956,1.00256,0.43469,0.00799,0.015546,0.005182,0.015546,0.005182,0.015546,0.005182,0.015546,0.005182
148,20459.8,0.96831,0.63394,0.00607,0.92514,0.88539,0.94308,0.68001,1.00153,0.43299,0.00799,0.015447,0.005149,0.015447,0.005149,0.015447,0.005149,0.015447,0.005149
149,20773.7,0.9696,0.62148,0.00602,0.92587,0.88577,0.94321,0.68059,1.00043,0.43349,0.00797,0.015348,0.005116,0.015348,0.005116,0.015348,0.005116,0.015348,0.005116
150,21088.7,0.96988,0.62584,0.00605,0.92469,0.88599,0.94312,0.68138,0.99912,0.43462,0.00796,0.015249,0.005083,0.015249,0.005083,0.015249,0.005083,0.015249,0.005083
151,21402.2,0.9628,0.62969,0.00601,0.92314,0.88672,0.94339,0.6816,0.99851,0.43422,0.00796,0.01515,0.00505,0.01515,0.00505,0.01515,0.00505,0.01515,0.00505
152,21716.5,0.96312,0.62056,0.00598,0.92031,0.88855,0.9435,0.68176,0.99806,0.43284,0.00795,0.015051,0.005017,0.015051,0.005017,0.015051,0.005017,0.015051,0.005017
153,22030.9,0.95686,0.61899,0.00592,0.92214,0.8873,0.94347,0.68191,0.99708,0.43349,0.00794,0.014952,0.004984,0.014952,0.004984,0.014952,0.004984,0.014952,0.004984
154,22346.1,0.9579,0.61877,0.00596,0.92097,0.89053,0.94352,0.68247,0.99585,0.43233,0.00793,0.014853,0.004951,0.014853,0.004951,0.014853,0.004951,0.014853,0.004951
155,22660.4,0.9603,0.62606,0.00596,0.92133,0.89017,0.94384,0.68273,0.99522,0.43213,0.00793,0.014754,0.004918,0.014754,0.004918,0.014754,0.004918,0.014754,0.004918
156,22975.5,0.95868,0.62026,0.00593,0.92175,0.89079,0.94433,0.68322,0.99366,0.4328,0.00791,0.014655,0.004885,0.014655,0.004885,0.014655,0.004885,0.014655,0.004885
157,23290.1,0.9547,0.62199,0.00593,0.92314,0.89135,0.94438,0.68348,0.99254,0.43252,0.0079,0.014556,0.004852,0.014556,0.004852,0.014556,0.004852,0.014556,0.004852
158,23604.4,0.95431,0.61654,0.00589,0.92378,0.88939,0.94448,0.68365,0.99065,0.43274,0.00788,0.014457,0.004819,0.014457,0.004819,0.014457,0.004819,0.014457,0.004819
159,23919.8,0.95705,0.61645,0.0059,0.92194,0.89248,0.94449,0.6841,0.9899,0.43186,0.00787,0.014358,0.004786,0.014358,0.004786,0.014358,0.004786,0.014358,0.004786
160,24234.3,0.95266,0.6154,0.00593,0.9222,0.89319,0.94453,0.68441,0.98897,0.43148,0.00787,0.014259,0.004753,0.014259,0.004753,0.014259,0.004753,0.014259,0.004753
161,24547.3,0.95248,0.60905,0.00592,0.92053,0.89131,0.94446,0.68478,0.98825,0.4309,0.00786,0.01416,0.00472,0.01416,0.00472,0.01416,0.00472,0.01416,0.00472
162,24861.8,0.95187,0.61963,0.00587,0.92239,0.892,0.9449,0.68514,0.98739,0.43039,0.00784,0.014061,0.004687,0.014061,0.004687,0.014061,0.004687,0.014061,0.004687
163,25176.7,0.94944,0.60879,0.00583,0.92148,0.89362,0.94495,0.68573,0.98688,0.43043,0.00784,0.013962,0.004654,0.013962,0.004654,0.013962,0.004654,0.013962,0.004654
164,25490.5,0.94432,0.61239,0.00585,0.92004,0.89347,0.94517,0.6861,0.98621,0.43016,0.00782,0.013863,0.004621,0.013863,0.004621,0.013863,0.004621,0.013863,0.004621
165,25804.5,0.94737,0.60794,0.00583,0.92321,0.89174,0.94597,0.6865,0.98507,0.43049,0.00781,0.013764,0.004588,0.013764,0.004588,0.013764,0.004588,0.013764,0.004588
166,26119.9,0.94587,0.60468,0.00583,0.92419,0.891,0.94605,0.6869,0.98442,0.42901,0.0078,0.013665,0.004555,0.013665,0.004555,0.013665,0.004555,0.013665,0.004555
167,26434.2,0.9448,0.60442,0.0058,0.92471,0.89159,0.94585,0.68728,0.98355,0.42826,0.0078,0.013566,0.004522,0.013566,0.004522,0.013566,0.004522,0.013566,0.004522
168,26750,0.94796,0.60097,0.00583,0.92051,0.89426,0.94566,0.68752,0.98267,0.42754,0.00779,0.013467,0.004489,0.013467,0.004489,0.013467,0.004489,0.013467,0.004489
169,27064.4,0.93991,0.5971,0.00581,0.92206,0.89277,0.9456,0.68774,0.98195,0.4285,0.00778,0.013368,0.004456,0.013368,0.004456,0.013368,0.004456,0.013368,0.004456
170,27380.1,0.93736,0.60006,0.00573,0.9203,0.89175,0.94549,0.68753,0.98108,0.42882,0.00778,0.013269,0.004423,0.013269,0.004423,0.013269,0.004423,0.013269,0.004423
171,27694.8,0.93357,0.60268,0.00579,0.9139,0.8972,0.94535,0.68772,0.98041,0.4297,0.00777,0.01317,0.00439,0.01317,0.00439,0.01317,0.00439,0.01317,0.00439
172,28009,0.92925,0.59704,0.00579,0.92064,0.89241,0.94568,0.68844,0.97985,0.42836,0.00776,0.013071,0.004357,0.013071,0.004357,0.013071,0.004357,0.013071,0.004357
173,28323.8,0.93621,0.59655,0.00576,0.92005,0.89359,0.94562,0.68884,0.979,0.4286,0.00776,0.012972,0.004324,0.012972,0.004324,0.012972,0.004324,0.012972,0.004324
174,28638.1,0.92812,0.5956,0.00573,0.91529,0.89674,0.94567,0.68931,0.97881,0.4277,0.00776,0.012873,0.004291,0.012873,0.004291,0.012873,0.004291,0.012873,0.004291
175,28953.5,0.93102,0.5966,0.0057,0.92115,0.8918,0.94547,0.68922,0.97812,0.42932,0.00775,0.012774,0.004258,0.012774,0.004258,0.012774,0.004258,0.012774,0.004258
176,29268,0.92844,0.59332,0.00573,0.91711,0.89556,0.94534,0.68921,0.97776,0.43058,0.00774,0.012675,0.004225,0.012675,0.004225,0.012675,0.004225,0.012675,0.004225
177,29582.3,0.92743,0.59776,0.0057,0.91957,0.89267,0.94562,0.6894,0.97763,0.42996,0.00774,0.012576,0.004192,0.012576,0.004192,0.012576,0.004192,0.012576,0.004192
178,29895.8,0.91964,0.58458,0.00571,0.92114,0.89215,0.94588,0.68987,0.97684,0.42849,0.00773,0.012477,0.004159,0.012477,0.004159,0.012477,0.004159,0.012477,0.004159
179,30210.7,0.92378,0.58974,0.00571,0.91905,0.89443,0.94601,0.69028,0.97595,0.42815,0.00772,0.012378,0.004126,0.012378,0.004126,0.012378,0.004126,0.012378,0.004126
180,30525.1,0.91663,0.5818,0.00571,0.9181,0.89615,0.94615,0.69037,0.97535,0.42885,0.00772,0.012279,0.004093,0.012279,0.004093,0.012279,0.004093,0.012279,0.004093
181,30838.8,0.92038,0.5873,0.00566,0.92132,0.89548,0.94631,0.6909,0.97434,0.42907,0.0077,0.01218,0.00406,0.01218,0.00406,0.01218,0.00406,0.01218,0.00406
182,31153.8,0.91424,0.57557,0.00565,0.9199,0.89488,0.94625,0.69113,0.97378,0.42908,0.0077,0.012081,0.004027,0.012081,0.004027,0.012081,0.004027,0.012081,0.004027
183,31468.6,0.9137,0.5837,0.00562,0.92145,0.89469,0.94683,0.69175,0.97309,0.42825,0.00769,0.011982,0.003994,0.011982,0.003994,0.011982,0.003994,0.011982,0.003994
184,31783.2,0.91321,0.57686,0.00561,0.92175,0.89361,0.9471,0.69232,0.97207,0.42808,0.00768,0.011883,0.003961,0.011883,0.003961,0.011883,0.003961,0.011883,0.003961
185,32098.8,0.90719,0.57352,0.00557,0.9249,0.89278,0.94731,0.69237,0.97093,0.42732,0.00767,0.011784,0.003928,0.011784,0.003928,0.011784,0.003928,0.011784,0.003928
186,32414.1,0.9103,0.57764,0.00556,0.92266,0.8964,0.947,0.6925,0.97078,0.42542,0.00767,0.011685,0.003895,0.011685,0.003895,0.011685,0.003895,0.011685,0.003895
187,32727.5,0.91027,0.5772,0.00555,0.92466,0.89536,0.94723,0.69307,0.97005,0.42444,0.00767,0.011586,0.003862,0.011586,0.003862,0.011586,0.003862,0.011586,0.003862
188,33042.3,0.9079,0.57426,0.00553,0.92768,0.89623,0.94773,0.6939,0.96941,0.42222,0.00766,0.011487,0.003829,0.011487,0.003829,0.011487,0.003829,0.011487,0.003829
189,33357.4,0.90261,0.5655,0.00555,0.92346,0.89793,0.94784,0.69421,0.96899,0.42152,0.00766,0.011388,0.003796,0.011388,0.003796,0.011388,0.003796,0.011388,0.003796
190,33671,0.90451,0.56656,0.00554,0.92651,0.89652,0.94815,0.69455,0.96825,0.4209,0.00766,0.011289,0.003763,0.011289,0.003763,0.011289,0.003763,0.011289,0.003763
191,33984.9,0.89849,0.5698,0.00552,0.9268,0.89675,0.94833,0.69511,0.9681,0.42005,0.00766,0.01119,0.00373,0.01119,0.00373,0.01119,0.00373,0.01119,0.00373
192,34299.6,0.89959,0.5623,0.00547,0.92932,0.89508,0.94823,0.69534,0.96716,0.42061,0.00766,0.011091,0.003697,0.011091,0.003697,0.011091,0.003697,0.011091,0.003697
193,34614.1,0.89446,0.56234,0.00548,0.92961,0.89446,0.94845,0.69621,0.96653,0.41945,0.00765,0.010992,0.003664,0.010992,0.003664,0.010992,0.003664,0.010992,0.003664
194,34928,0.89473,0.55787,0.00547,0.93042,0.89348,0.94867,0.69672,0.96579,0.41834,0.00764,0.010893,0.003631,0.010893,0.003631,0.010893,0.003631,0.010893,0.003631
195,35242.6,0.89222,0.55512,0.00541,0.93144,0.8933,0.94872,0.6971,0.96499,0.41837,0.00764,0.010794,0.003598,0.010794,0.003598,0.010794,0.003598,0.010794,0.003598
196,35556.8,0.89083,0.5616,0.00545,0.9307,0.89489,0.94881,0.69762,0.96449,0.41757,0.00764,0.010695,0.003565,0.010695,0.003565,0.010695,0.003565,0.010695,0.003565
197,35870.3,0.89582,0.56123,0.00537,0.93131,0.8931,0.94875,0.69797,0.96374,0.41857,0.00763,0.010596,0.003532,0.010596,0.003532,0.010596,0.003532,0.010596,0.003532
198,36185.9,0.88569,0.54971,0.00538,0.93117,0.89575,0.94899,0.69831,0.96258,0.41873,0.0076,0.010497,0.003499,0.010497,0.003499,0.010497,0.003499,0.010497,0.003499
199,36500.2,0.88243,0.55468,0.00542,0.93111,0.89598,0.9486,0.69827,0.96165,0.41817,0.0076,0.010398,0.003466,0.010398,0.003466,0.010398,0.003466,0.010398,0.003466
200,36814.8,0.88269,0.55245,0.00537,0.92999,0.89619,0.94878,0.69882,0.96067,0.41799,0.00759,0.010299,0.003433,0.010299,0.003433,0.010299,0.003433,0.010299,0.003433
201,37129.2,0.88232,0.55485,0.00535,0.92574,0.89785,0.94859,0.69871,0.96043,0.41812,0.00759,0.0102,0.0034,0.0102,0.0034,0.0102,0.0034,0.0102,0.0034
202,37444.2,0.87944,0.5425,0.00532,0.93364,0.89389,0.94866,0.69909,0.96029,0.41675,0.0076,0.010101,0.003367,0.010101,0.003367,0.010101,0.003367,0.010101,0.003367
203,37757.7,0.87938,0.5508,0.00531,0.93489,0.89461,0.94876,0.69928,0.95978,0.41717,0.00759,0.010002,0.003334,0.010002,0.003334,0.010002,0.003334,0.010002,0.003334
204,38073.7,0.87545,0.54533,0.00531,0.93058,0.89572,0.94866,0.69918,0.95885,0.41798,0.00759,0.009903,0.003301,0.009903,0.003301,0.009903,0.003301,0.009903,0.003301
205,38388.4,0.87275,0.54361,0.0053,0.92978,0.89681,0.94884,0.70001,0.95858,0.41777,0.00758,0.009804,0.003268,0.009804,0.003268,0.009804,0.003268,0.009804,0.003268
206,38702.3,0.87262,0.54319,0.00525,0.93295,0.89411,0.94876,0.70011,0.95737,0.41849,0.00756,0.009705,0.003235,0.009705,0.003235,0.009705,0.003235,0.009705,0.003235
207,39016.6,0.86617,0.53437,0.00523,0.93125,0.8967,0.94887,0.70043,0.95683,0.41746,0.00756,0.009606,0.003202,0.009606,0.003202,0.009606,0.003202,0.009606,0.003202
208,39330.8,0.86413,0.53831,0.00524,0.93182,0.89539,0.94907,0.70108,0.95609,0.41724,0.00756,0.009507,0.003169,0.009507,0.003169,0.009507,0.003169,0.009507,0.003169
209,39645,0.86349,0.53717,0.00521,0.92611,0.89948,0.94938,0.70173,0.95514,0.41783,0.00756,0.009408,0.003136,0.009408,0.003136,0.009408,0.003136,0.009408,0.003136
210,39958.9,0.85826,0.53224,0.0052,0.92804,0.89928,0.94951,0.70227,0.95537,0.41663,0.00756,0.009309,0.003103,0.009309,0.003103,0.009309,0.003103,0.009309,0.003103
211,40273.4,0.86088,0.53459,0.00516,0.92653,0.90057,0.9496,0.70217,0.95456,0.4161,0.00755,0.00921,0.00307,0.00921,0.00307,0.00921,0.00307,0.00921,0.00307
212,40588,0.85893,0.52845,0.00518,0.92464,0.90222,0.94966,0.70276,0.954,0.41639,0.00755,0.009111,0.003037,0.009111,0.003037,0.009111,0.003037,0.009111,0.003037
213,40901.6,0.85789,0.52742,0.00514,0.92501,0.90189,0.95005,0.70333,0.9538,0.41665,0.00754,0.009012,0.003004,0.009012,0.003004,0.009012,0.003004,0.009012,0.003004
214,41216.7,0.85824,0.52469,0.0051,0.92606,0.90018,0.95024,0.70338,0.95358,0.41598,0.00755,0.008913,0.002971,0.008913,0.002971,0.008913,0.002971,0.008913,0.002971
215,41531.2,0.85211,0.52764,0.00517,0.92648,0.9013,0.94991,0.70382,0.95291,0.41535,0.00754,0.008814,0.002938,0.008814,0.002938,0.008814,0.002938,0.008814,0.002938
216,41845.1,0.85154,0.52694,0.00514,0.92653,0.90175,0.95001,0.70415,0.95223,0.41441,0.00754,0.008715,0.002905,0.008715,0.002905,0.008715,0.002905,0.008715,0.002905
217,42160.1,0.85164,0.52049,0.00509,0.93192,0.89596,0.95008,0.7041,0.9515,0.4154,0.00753,0.008616,0.002872,0.008616,0.002872,0.008616,0.002872,0.008616,0.002872
218,42475.9,0.84934,0.51782,0.00512,0.93121,0.89645,0.95011,0.70438,0.95097,0.4151,0.00752,0.008517,0.002839,0.008517,0.002839,0.008517,0.002839,0.008517,0.002839
219,42791.2,0.84589,0.51872,0.00507,0.92971,0.89819,0.95027,0.7044,0.95032,0.41573,0.00752,0.008418,0.002806,0.008418,0.002806,0.008418,0.002806,0.008418,0.002806
220,43105.8,0.84368,0.51255,0.00504,0.93041,0.89893,0.95047,0.70509,0.94972,0.41465,0.00751,0.008319,0.002773,0.008319,0.002773,0.008319,0.002773,0.008319,0.002773
221,43420.4,0.84222,0.51336,0.00503,0.93188,0.90059,0.95066,0.70559,0.94932,0.41463,0.00751,0.00822,0.00274,0.00822,0.00274,0.00822,0.00274,0.00822,0.00274
222,43735.1,0.83621,0.515,0.005,0.93035,0.902,0.95091,0.70593,0.94822,0.41465,0.0075,0.008121,0.002707,0.008121,0.002707,0.008121,0.002707,0.008121,0.002707
223,44049.6,0.83913,0.51531,0.00502,0.93055,0.90047,0.95081,0.70578,0.94777,0.41644,0.00749,0.008022,0.002674,0.008022,0.002674,0.008022,0.002674,0.008022,0.002674
224,44363.7,0.83751,0.51327,0.00499,0.92763,0.9039,0.95115,0.70604,0.94763,0.41522,0.00749,0.007923,0.002641,0.007923,0.002641,0.007923,0.002641,0.007923,0.002641
225,44679.1,0.83164,0.50692,0.00494,0.93213,0.89902,0.95122,0.7064,0.94726,0.415,0.00749,0.007824,0.002608,0.007824,0.002608,0.007824,0.002608,0.007824,0.002608
226,44993.3,0.83073,0.50586,0.00499,0.93014,0.89889,0.95106,0.70659,0.94701,0.41506,0.00749,0.007725,0.002575,0.007725,0.002575,0.007725,0.002575,0.007725,0.002575
227,45309.4,0.83115,0.5075,0.00496,0.9278,0.90312,0.95106,0.70712,0.94617,0.41506,0.00748,0.007626,0.002542,0.007626,0.002542,0.007626,0.002542,0.007626,0.002542
228,45626,0.83096,0.50648,0.00496,0.93089,0.89878,0.95073,0.70701,0.94557,0.41418,0.00748,0.007527,0.002509,0.007527,0.002509,0.007527,0.002509,0.007527,0.002509
229,45940.1,0.83008,0.505,0.00492,0.92969,0.90042,0.95064,0.70727,0.94454,0.41472,0.00747,0.007428,0.002476,0.007428,0.002476,0.007428,0.002476,0.007428,0.002476
230,46255.7,0.8241,0.50338,0.00492,0.93322,0.89722,0.95052,0.70737,0.94346,0.41659,0.00746,0.007329,0.002443,0.007329,0.002443,0.007329,0.002443,0.007329,0.002443
231,46571.6,0.82085,0.49937,0.00491,0.93082,0.90016,0.95048,0.70771,0.94283,0.41626,0.00745,0.00723,0.00241,0.00723,0.00241,0.00723,0.00241,0.00723,0.00241
232,46885.3,0.82105,0.49239,0.00487,0.9372,0.89323,0.9505,0.70815,0.94191,0.41625,0.00744,0.007131,0.002377,0.007131,0.002377,0.007131,0.002377,0.007131,0.002377
233,47200.3,0.81892,0.49629,0.00488,0.93554,0.89404,0.95041,0.70841,0.94126,0.41606,0.00743,0.007032,0.002344,0.007032,0.002344,0.007032,0.002344,0.007032,0.002344
234,47516.4,0.81516,0.49264,0.00482,0.93127,0.89913,0.95017,0.70883,0.94054,0.41627,0.00743,0.006933,0.002311,0.006933,0.002311,0.006933,0.002311,0.006933,0.002311
235,47829.8,0.81373,0.49269,0.00484,0.9299,0.90111,0.95033,0.70955,0.93927,0.41607,0.00742,0.006834,0.002278,0.006834,0.002278,0.006834,0.002278,0.006834,0.002278
236,48144.3,0.81272,0.49141,0.00482,0.93099,0.89978,0.9503,0.71014,0.93862,0.41611,0.00741,0.006735,0.002245,0.006735,0.002245,0.006735,0.002245,0.006735,0.002245
237,48459.7,0.81002,0.49084,0.00481,0.92964,0.89898,0.9503,0.71066,0.93718,0.41702,0.0074,0.006636,0.002212,0.006636,0.002212,0.006636,0.002212,0.006636,0.002212
238,48773.8,0.81003,0.48763,0.00477,0.92886,0.90085,0.95034,0.711,0.93688,0.4163,0.0074,0.006537,0.002179,0.006537,0.002179,0.006537,0.002179,0.006537,0.002179
239,49089.4,0.80482,0.48583,0.00478,0.92886,0.90037,0.9504,0.71167,0.93597,0.41642,0.0074,0.006438,0.002146,0.006438,0.002146,0.006438,0.002146,0.006438,0.002146
240,49404.8,0.79927,0.48085,0.00473,0.92802,0.90272,0.95032,0.71189,0.93525,0.41602,0.00739,0.006339,0.002113,0.006339,0.002113,0.006339,0.002113,0.006339,0.002113
241,49719.2,0.79749,0.48044,0.00475,0.92976,0.90093,0.95046,0.71206,0.93444,0.41582,0.00737,0.00624,0.00208,0.00624,0.00208,0.00624,0.00208,0.00624,0.00208
242,50035.4,0.80043,0.48003,0.00469,0.92544,0.90397,0.95027,0.71262,0.93348,0.41589,0.00736,0.006141,0.002047,0.006141,0.002047,0.006141,0.002047,0.006141,0.002047
243,50354.3,0.79611,0.4791,0.00471,0.92465,0.90376,0.95028,0.71309,0.93313,0.41579,0.00735,0.006042,0.002014,0.006042,0.002014,0.006042,0.002014,0.006042,0.002014
244,50673.1,0.79517,0.47675,0.00469,0.92379,0.90621,0.95044,0.71349,0.93254,0.41543,0.00734,0.005943,0.001981,0.005943,0.001981,0.005943,0.001981,0.005943,0.001981
245,50987.7,0.79114,0.47042,0.00464,0.92949,0.90137,0.95043,0.71363,0.93153,0.4162,0.00733,0.005844,0.001948,0.005844,0.001948,0.005844,0.001948,0.005844,0.001948
246,51302.8,0.78933,0.47346,0.00467,0.92864,0.90588,0.9504,0.71401,0.93065,0.41572,0.00732,0.005745,0.001915,0.005745,0.001915,0.005745,0.001915,0.005745,0.001915
247,51617.6,0.79009,0.4741,0.00463,0.92648,0.90561,0.95033,0.71436,0.9297,0.41619,0.00732,0.005646,0.001882,0.005646,0.001882,0.005646,0.001882,0.005646,0.001882
248,51932.9,0.78843,0.47368,0.00461,0.92793,0.90379,0.95041,0.71454,0.9288,0.41501,0.00731,0.005547,0.001849,0.005547,0.001849,0.005547,0.001849,0.005547,0.001849
249,52248.9,0.7878,0.47661,0.00463,0.93026,0.90523,0.95052,0.71507,0.92835,0.41505,0.0073,0.005448,0.001816,0.005448,0.001816,0.005448,0.001816,0.005448,0.001816
250,52562.7,0.78343,0.4733,0.00462,0.92874,0.90469,0.95042,0.71523,0.92793,0.41529,0.0073,0.005349,0.001783,0.005349,0.001783,0.005349,0.001783,0.005349,0.001783
251,52878.4,0.78073,0.46654,0.00456,0.92953,0.90501,0.95056,0.71587,0.92684,0.41609,0.00729,0.00525,0.00175,0.00525,0.00175,0.00525,0.00175,0.00525,0.00175
252,53195.7,0.78038,0.4623,0.00453,0.92941,0.90595,0.95055,0.71613,0.92612,0.41512,0.00728,0.005151,0.001717,0.005151,0.001717,0.005151,0.001717,0.005151,0.001717
253,53511.1,0.77726,0.46371,0.00453,0.93066,0.90338,0.95037,0.71603,0.92585,0.41566,0.00728,0.005052,0.001684,0.005052,0.001684,0.005052,0.001684,0.005052,0.001684
254,53825.6,0.77293,0.45786,0.00456,0.92959,0.90219,0.95042,0.71642,0.92474,0.41629,0.00727,0.004953,0.001651,0.004953,0.001651,0.004953,0.001651,0.004953,0.001651
255,54141.1,0.77148,0.45864,0.00454,0.93072,0.90171,0.95085,0.71706,0.92405,0.41505,0.00727,0.004854,0.001618,0.004854,0.001618,0.004854,0.001618,0.004854,0.001618
256,54456.8,0.76896,0.4559,0.00451,0.931,0.90337,0.95106,0.71764,0.92343,0.41446,0.00727,0.004755,0.001585,0.004755,0.001585,0.004755,0.001585,0.004755,0.001585
257,54771.1,0.76853,0.45514,0.00448,0.92952,0.90355,0.95099,0.71738,0.92242,0.41549,0.00726,0.004656,0.001552,0.004656,0.001552,0.004656,0.001552,0.004656,0.001552
258,55085.3,0.76416,0.45073,0.00443,0.92801,0.90669,0.95099,0.71754,0.92188,0.41459,0.00725,0.004557,0.001519,0.004557,0.001519,0.004557,0.001519,0.004557,0.001519
259,55399.8,0.76181,0.45193,0.00446,0.9299,0.90247,0.95103,0.71787,0.92126,0.41431,0.00724,0.004458,0.001486,0.004458,0.001486,0.004458,0.001486,0.004458,0.001486
260,327.712,0.75892,0.44752,0.0044,0.9287,0.90419,0.95111,0.71794,0.92165,0.41545,0.00724,0.004359,0.001453,0.004359,0.001453,0.004359,0.001453,0.004359,0.001453
261,649.895,0.76302,0.44432,0.00443,0.92973,0.90371,0.95107,0.71764,0.92145,0.41471,0.00723,0.00426,0.00142,0.00426,0.00142,0.00426,0.00142,0.00426,0.00142
262,970.665,0.7636,0.44761,0.00444,0.92916,0.90518,0.95114,0.71795,0.92097,0.41535,0.00723,0.004161,0.001387,0.004161,0.001387,0.004161,0.001387,0.004161,0.001387
263,1291.46,0.76499,0.44852,0.00444,0.93062,0.90556,0.95138,0.71801,0.92072,0.41437,0.00723,0.004062,0.001354,0.004062,0.001354,0.004062,0.001354,0.004062,0.001354
264,1620.5,0.76173,0.4467,0.00442,0.93176,0.90563,0.95144,0.71835,0.92055,0.41363,0.00722,0.003963,0.001321,0.003963,0.001321,0.003963,0.001321,0.003963,0.001321
265,1942.63,0.76256,0.4435,0.00442,0.93048,0.90507,0.95125,0.71848,0.92001,0.41487,0.00722,0.003864,0.001288,0.003864,0.001288,0.003864,0.001288,0.003864,0.001288
266,2267,0.7542,0.44256,0.00439,0.93099,0.90509,0.95108,0.71847,0.91963,0.41408,0.00722,0.003765,0.001255,0.003765,0.001255,0.003765,0.001255,0.003765,0.001255
267,2596.78,0.75318,0.43635,0.00438,0.93234,0.90509,0.95122,0.71857,0.9191,0.41341,0.00721,0.003666,0.001222,0.003666,0.001222,0.003666,0.001222,0.003666,0.001222
268,2916.93,0.75612,0.44216,0.00438,0.93298,0.90406,0.9512,0.71905,0.91873,0.41405,0.0072,0.003567,0.001189,0.003567,0.001189,0.003567,0.001189,0.003567,0.001189
269,3242.68,0.75529,0.44303,0.00436,0.93417,0.90374,0.95113,0.7192,0.91854,0.41281,0.0072,0.003468,0.001156,0.003468,0.001156,0.003468,0.001156,0.003468,0.001156
270,3566.54,0.75376,0.43915,0.00433,0.93319,0.90417,0.9512,0.71909,0.91858,0.41225,0.00721,0.003369,0.001123,0.003369,0.001123,0.003369,0.001123,0.003369,0.001123
271,3885.71,0.74828,0.435,0.00435,0.93395,0.90419,0.95114,0.71909,0.91826,0.41221,0.0072,0.00327,0.00109,0.00327,0.00109,0.00327,0.00109,0.00327,0.00109
272,4207.47,0.75057,0.4349,0.00434,0.93442,0.90595,0.95116,0.71931,0.91836,0.41083,0.00721,0.003171,0.001057,0.003171,0.001057,0.003171,0.001057,0.003171,0.001057
273,4529.88,0.74567,0.43453,0.00432,0.93522,0.90527,0.95136,0.71951,0.91783,0.41144,0.0072,0.003072,0.001024,0.003072,0.001024,0.003072,0.001024,0.003072,0.001024
274,4855.24,0.74312,0.43451,0.00428,0.93402,0.90719,0.95147,0.71943,0.91775,0.41191,0.0072,0.002973,0.000991,0.002973,0.000991,0.002973,0.000991,0.002973,0.000991
275,5178.82,0.74539,0.43521,0.00425,0.93424,0.90668,0.95164,0.71956,0.91745,0.41186,0.00719,0.002874,0.000958,0.002874,0.000958,0.002874,0.000958,0.002874,0.000958
276,5500.32,0.73794,0.42902,0.00425,0.93447,0.90684,0.95168,0.71986,0.91755,0.41224,0.0072,0.002775,0.000925,0.002775,0.000925,0.002775,0.000925,0.002775,0.000925
277,5817.47,0.74047,0.43232,0.00424,0.93393,0.90681,0.95179,0.72023,0.91764,0.41327,0.00721,0.002676,0.000892,0.002676,0.000892,0.002676,0.000892,0.002676,0.000892
278,6141.96,0.73543,0.42724,0.00422,0.94049,0.90112,0.95181,0.72023,0.91695,0.41363,0.0072,0.002577,0.000859,0.002577,0.000859,0.002577,0.000859,0.002577,0.000859
279,6464.1,0.73058,0.42398,0.00422,0.93605,0.9065,0.95165,0.72052,0.91677,0.4124,0.00719,0.002478,0.000826,0.002478,0.000826,0.002478,0.000826,0.002478,0.000826
280,6783.71,0.73008,0.42311,0.0042,0.93699,0.90528,0.95171,0.72051,0.91619,0.41133,0.00718,0.002379,0.000793,0.002379,0.000793,0.002379,0.000793,0.002379,0.000793
281,7108.68,0.73138,0.42336,0.0042,0.93799,0.90522,0.95186,0.72055,0.91622,0.41115,0.00718,0.00228,0.00076,0.00228,0.00076,0.00228,0.00076,0.00228,0.00076
282,7433.55,0.72951,0.42136,0.00415,0.93782,0.90537,0.95182,0.72055,0.91606,0.41165,0.00719,0.002181,0.000727,0.002181,0.000727,0.002181,0.000727,0.002181,0.000727
283,7757.02,0.72276,0.41612,0.00412,0.9378,0.90511,0.95168,0.72065,0.91568,0.41123,0.00719,0.002082,0.000694,0.002082,0.000694,0.002082,0.000694,0.002082,0.000694
284,8087.48,0.72194,0.41501,0.00415,0.93883,0.90499,0.95167,0.7209,0.91583,0.41056,0.00719,0.001983,0.000661,0.001983,0.000661,0.001983,0.000661,0.001983,0.000661
285,8408.9,0.72657,0.41995,0.00411,0.93859,0.90678,0.95185,0.72114,0.91561,0.41102,0.00719,0.001884,0.000628,0.001884,0.000628,0.001884,0.000628,0.001884,0.000628
286,8730.48,0.72,0.41581,0.00412,0.93846,0.9071,0.95182,0.72122,0.91521,0.41042,0.00719,0.001785,0.000595,0.001785,0.000595,0.001785,0.000595,0.001785,0.000595
287,9054.57,0.71974,0.41903,0.00412,0.93996,0.90551,0.9518,0.72133,0.91522,0.40964,0.00719,0.001686,0.000562,0.001686,0.000562,0.001686,0.000562,0.001686,0.000562
288,9378.01,0.71771,0.41895,0.00412,0.94128,0.90387,0.95165,0.72131,0.9154,0.40957,0.00719,0.001587,0.000529,0.001587,0.000529,0.001587,0.000529,0.001587,0.000529
289,9704.88,0.71167,0.41214,0.00405,0.94187,0.90329,0.9515,0.72135,0.91503,0.40951,0.00718,0.001488,0.000496,0.001488,0.000496,0.001488,0.000496,0.001488,0.000496
290,10027.4,0.71041,0.40947,0.00405,0.94223,0.90297,0.95139,0.72154,0.91454,0.41142,0.00718,0.001389,0.000463,0.001389,0.000463,0.001389,0.000463,0.001389,0.000463
291,351.273,0.65583,0.29476,0.00418,0.94174,0.90445,0.95149,0.72165,0.91361,0.41201,0.00718,0.00129,0.00043,0.00129,0.00043,0.00129,0.00043,0.00129,0.00043
292,657.517,0.6451,0.28991,0.00411,0.94156,0.9047,0.95148,0.72162,0.91383,0.41175,0.00718,0.001191,0.000397,0.001191,0.000397,0.001191,0.000397,0.001191,0.000397
293,966.607,0.63922,0.28486,0.00404,0.94156,0.9047,0.95168,0.72175,0.91368,0.41183,0.00717,0.001092,0.000364,0.001092,0.000364,0.001092,0.000364,0.001092,0.000364
294,1276.68,0.63864,0.28662,0.00403,0.93966,0.90673,0.95157,0.72173,0.91349,0.41185,0.00717,0.000993,0.000331,0.000993,0.000331,0.000993,0.000331,0.000993,0.000331
295,1585.3,0.63487,0.28286,0.00397,0.94129,0.90554,0.95154,0.72204,0.91329,0.41204,0.00717,0.000894,0.000298,0.000894,0.000298,0.000894,0.000298,0.000894,0.000298
296,1893.52,0.62747,0.28032,0.00396,0.93992,0.90675,0.95159,0.72209,0.91309,0.41195,0.00717,0.000795,0.000265,0.000795,0.000265,0.000795,0.000265,0.000795,0.000265
297,2200.86,0.62565,0.28109,0.00391,0.94125,0.90513,0.95132,0.72198,0.91378,0.41189,0.00718,0.000696,0.000232,0.000696,0.000232,0.000696,0.000232,0.000696,0.000232
298,2507.9,0.62469,0.28079,0.00389,0.93828,0.90795,0.95136,0.72246,0.91435,0.41231,0.00718,0.000597,0.000199,0.000597,0.000199,0.000597,0.000199,0.000597,0.000199
299,2816.13,0.62165,0.27569,0.00384,0.93879,0.90857,0.95133,0.72267,0.91368,0.41403,0.00717,0.000498,0.000166,0.000498,0.000166,0.000498,0.000166,0.000498,0.000166
300,3123.15,0.62,0.27561,0.00384,0.93884,0.90793,0.95134,0.7226,0.91357,0.41421,0.00717,0.000399,0.000133,0.000399,0.000133,0.000399,0.000133,0.000399,0.000133
